Abélia,F
Abiáta,F
Abigél,F
Ada,F
Adala,F
Adalberta,F
Adalbertina,F
Adalind,F
Adaora,F
Adél,F
Adela,F
Adéla,F
Adelaida,F
Adelgund,F
Adelgunda,F
Adelheid,F
Adélia,F
Adelin,F
Adelina,F
Adelinda,F
Adema,F
Adeodáta,F
Adina,F
Admira,F
Adolfina,F
Adonika,F
Adóra,F
Adria,F
Adriána,F
Adrianna,F
Adrienn,F
Adrienna,F
Áfonya,F
Áfra,F
Afrika,F
Afrodita,F
Afrodité,F
Afszana,F
Agapi,F
Agáta,F
Ági,F
Aglája,F
Aglent,F
Agnabella,F
Agnella,F
Ágnes,F
Agnéta,F
Ágosta,F
Ágota,F
Agrippína,F
Aida,F
Aina,F
Ainó,F
Aira,F
Aisa,F
Aisah,F
Ajándék,F
Ájlin,F
Ajna,F
Ajnácska,F
Ajnó,F
Ajra,F
Ajsa,F
Ajtonka,F
Akaiéna,F
Akilina,F
Alamea,F
Alaméa,F
Alana,F
Alba,F
Alberta,F
Albertin,F
Albertina,F
Albina,F
Alda,F
Áldáska,F
Aldea,F
Álea,F
Aléna,F
Aleszja,F
Alesszia,F
Alett,F
Aletta,F
Alexa,F
Alexandra,F
Alexandrin,F
Alexandrina,F
Alexia,F
Alfonza,F
Alfonzin,F
Alfonzina,F
Alfréda,F
Alia,F
Aliana,F
Alica,F
Alicia,F
Alícia,F
Alida,F
Alina,F
Alinda,F
Alinka,F
Alirán,F
Alisa,F
Aliszia,F
Alissza,F
Alita,F
Alitta,F
Aliz,F
Alíz,F
Aliza,F
Alizé,F
Alízia,F
Allegra,F
Alma,F
Almanda,F
Almira,F
Almiréna,F
Almitra,F
Aloé,F
Alojzia,F
Aloma,F
Alóma,F
Altea,F
Alvina,F
Ama,F
Amábel,F
Amadea,F
Amadil,F
Amaja,F
Amál,F
Amália,F
Amana,F
Amanda,F
Amandina,F
Amara,F
Amarant,F
Amaranta,F
Amarill,F
Amarilla,F
Amarillisz,F
Amáta,F
Amázia,F
Ambrózia,F
Amelda,F
Ameli,F
Amélia,F
Amelita,F
Ametiszt,F
Amidala,F
Amilla,F
Amina,F
Ámina,F
Aminta,F
Amira,F
Amrita,F
Anabel,F
Anabell,F
Anabella,F
Anada,F
Anahita,F
Anaisz,F
Anaszta,F
Anasztázia,F
Anatólia,F
Ancilla,F
Anda,F
Andelin,F
Andelina,F
Andi,F
Andrea,F
Andreina,F
Androméda,F
Anélia,F
Anelma,F
Anéta,F
Anett,F
Anetta,F
Ánfissza,F
Angéla,F
Angélia,F
Angelika,F
Angelina,F
Angella,F
Angyal,F
Angyalka,F
Ani,F
Ania,F
Anica,F
Anicéta,F
Aniella,F
Anika,F
Anikó,F
Anilla,F
Anima,F
Anina,F
Anisza,F
Anissza,F
Anita,F
Anitra,F
Anízia,F
Ánizs,F
Anka,F
Ankisza,F
Anna,F
Annabel,F
Annabell,F
Annabella,F
Annabori,F
Annakarina,F
Annakata,F
Annalea,F
Annaleila,F
Annaléna,F
Annalilla,F
Annaliza,F
Annalujza,F
Annamari,F
Annamária,F
Annamira,F
Annamíra,F
Annaregina,F
Annaréka,F
Annarita,F
Annaróza,F
Annasára,F
Annaszofi,F
Annaszófia,F
Annavera,F
Annavirág,F
Annazsófia,F
Anneke,F
Annelin,F
Anni,F
Annika,F
Annunciáta,F
Anriett,F
Antea,F
Antigoné,F
Antoaneta,F
Antoanett,F
Antonella,F
Antónia,F
Antoniett,F
Antonietta,F
Anzelma,F
Ánya,F
Apol,F
Apolka,F
Apollinária,F
Apollónia,F
Aporka,F
Appia,F
Ápril,F
Áprilka,F
Arabella,F
Aranka,F
Arany,F
Aranyka,F
Aranyos,F
Arenta,F
Ari,F
Aria,F
Ariadna,F
Ariadné,F
Ariana,F
Arianna,F
Ariéla,F
Ariella,F
Arienn,F
Arietta,F
Arika,F
Arikán,F
Arina,F
Arinka,F
Arita,F
Arlena,F
Arlett,F
Armanda,F
Armandina,F
Armella,F
Armida,F
Armilla,F
Ármina,F
Arna,F
Árnika,F
Arnolda,F
Arona,F
Árpádina,F
Artemisz,F
Artemízia,F
Artiana,F
Árvácska,F
Árven,F
Arzénia,F
Asella,F
Asma,F
Ászja,F
Aszpázia,F
Asszunta,F
Asztéria,F
Asztrid,F
Asztrida,F
Atala,F
Atalanta,F
Atália,F
Atanázia,F
Atára,F
Aténa,F
Aténé,F
Atika,F
Atina,F
Auguszta,F
Augusztina,F
Aura,F
Aurea,F
Aurélia,F
Aurora,F
Auróra,F
Avani,F
Avarka,F
Aviána,F
Avitál,F
Azálea,F
Aziza,F
Azra,F
Azucséna,F
Azura,F
Azurea,F
Babér,F
Babett,F
Babetta,F
Babiána,F
Babita,F
Bagita,F
Bahar,F
Balbina,F
Balda,F
Balzsa,F
Balzsam,F
Bara,F
Barack,F
Baranka,F
Barbara,F
Barbarella,F
Barbi,F
Barbel,F
Barka,F
Bársony,F
Bársonyka,F
Baucisz,F
Bazilia,F
Bea,F
Beáta,F
Beatricse,F
Beatrisz,F
Beatrix,F
Bebóra,F
Béda,F
Begónia,F
Bejke,F
Bekka,F
Béke,F
Belinda,F
Bella,F
Bellaróza,F
Bellatrix,F
Benáta,F
Benedetta,F
Benedikta,F
Beneditta,F
Benigna,F
Benita,F
Benjamina,F
Bereniké,F
Berfin,F
Berill,F
Berkenye,F
Berna,F
Bernadett,F
Bernadetta,F
Bernarda,F
Bernardina,F
Berta,F
Bertilla,F
Bertina,F
Bertolda,F
Béta,F
Betsabé,F
Betta,F
Betti,F
Bettina,F
Biana,F
Bianka,F
Bibiána,F
Bíbor,F
Bíbora,F
Bíboranna,F
Bíborka,F
Bié,F
Birgit,F
Biri,F
Bítia,F
Blandina,F
Blanka,F
Blazsena,F
Blondina,F
Bóbita,F
Bodza,F
Bogárka,F
Bogáta,F
Bogdána,F
Bogi,F
Boglár,F
Boglárka,F
Bojána,F
Bolda,F
Bolívia,F
Boni,F
Bonita,F
Bonni,F
Bora,F
Bóra,F
Borbála,F
Borbolya,F
Borcsa,F
Bori,F
Boris,F
Boriska,F
Borka,F
Boróka,F
Borostyán,F
Borsika,F
Bozsena,F
Bozsóka,F
Böbe,F
Böske,F
Brenda,F
Briana,F
Brianna,F
Briell,F
Brigi,F
Brigitta,F
Britani,F
Britni,F
Britta,F
Brohe,F
Brunella,F
Brunhilda,F
Brünhild,F
Búzavirág,F
Cecília,F
Cecilla,F
Celerina,F
Celeszta,F
Celesztina,F
Célia,F
Celina,F
Cettina,F
Cezarin,F
Cezarina,F
Cicelle,F
Ciklámen,F
Cila,F
Cili,F
Cilka,F
Cilla,F
Cinderella,F
Cinella,F
Cinka,F
Cinna,F
Cinnia,F
Cintia,F
Cipora,F
Cippóra,F
Cipra,F
Cipriána,F
Ciprienn,F
Cirel,F
Cirilla,F
Citta,F
Csaga,F
Csalka,F
Csende,F
Csendike,F
Csenge,F
Csengele,F
Csente,F
Cseperke,F
Csepke,F
Cseresznye,F
Csermely,F
Cserne,F
Csilla,F
Csillag,F
Csillagvirág,F
Csinszka,F
Csinyere,F
Csobánka,F
Csobilla,F
Csoboka,F
Csönge,F
Csöre,F
Dafna,F
Dafné,F
Dála,F
Dalanda,F
Dália,F
Daliborka,F
Dalida,F
Dalla,F
Dalma,F
Damajanti,F
Damarisz,F
Damiána,F
Damira,F
Damjána,F
Dana,F
Danica,F
Daniela,F
Daniéla,F
Daniella,F
Danila,F
Danka,F
Danna,F
Danuta,F
Dára,F
Daria,F
Dária,F
Darina,F
Darinka,F
Darla,F
Davina,F
Dea,F
Debóra,F
Delani,F
Delfina,F
Délia,F
Délibáb,F
Delila,F
Delina,F
Delinda,F
Delinke,F
Della,F
Demetria,F
Déna,F
Denerisz,F
Denisza,F
Denissza,F
Deniza,F
Deodáta,F
Derien,F
Detti,F
Dettina,F
Déva,F
Devana,F
Deveni,F
Devínia,F
Dezdemóna,F
Dézi,F
Dezideráta,F
Dezidéria,F
Dia,F
Diana,F
Diána,F
Diandra,F
Didra,F
Diké,F
Dilara,F
Dimitra,F
Dina,F
Dinara,F
Dió,F
Dionízia,F
Diotíma,F
Ditke,F
Ditta,F
Ditte,F
Ditti,F
Dolli,F
Dolóresz,F
Dolorita,F
Doloróza,F
Domicella,F
Domiciána,F
Dominika,F
Dominka,F
Domitilla,F
Donáta,F
Donatella,F
Donja,F
Donna,F
Dóra,F
Dorabella,F
Doren,F
Doretta,F
Dóri,F
Dorina,F
Dorinda,F
Dorinka,F
Dorisz,F
Dorit,F
Dorka,F
Dorkás,F
Dorkász,F
Dormánka,F
Dorotea,F
Doroti,F
Dorotina,F
Dorottya,F
Dotti,F
Döníz,F
Druzsiána,F
Dulcinea,F
Dusánka,F
Dusenka,F
Dusmáta,F
Dvora,F
Dzsamila,F
Dzsámília,F
Dzsamilla,F
Dzsenet,F
Dzsenifer,F
Dzsenisz,F
Dzsenna,F
Dzsenni,F
Dzsesszika,F
Dzsindzser,F
Écska,F
Éda,F
Edda,F
Edentina,F
Edina,F
Edit,F
Edmunda,F
Edna,F
Édra,F
Édua,F
Eduárda,F
Edvarda,F
Edvina,F
Effi,F
Efrata,F
Egberta,F
Egres,F
Eija,F
Eisa,F
Ekaterina,F
Ékes,F
Elanor,F
Eleanor,F
Elefteria,F
Elektra,F
Elen,F
Elena,F
Eleni,F
Elenor,F
Eleonóra,F
Életke,F
Elfrida,F
Elga,F
Eliána,F
Elida,F
Elif,F
Elin,F
Elina,F
Elinor,F
Eliora,F
Eliska,F
Eliz,F
Elíz,F
Eliza,F
Elizabell,F
Elizabet,F
Elizia,F
Elizin,F
Elka,F
Elke,F
Ella,F
Elli,F
Ellina,F
Elma,F
Elmira,F
Eloiz,F
Elvira,F
Elza,F
Emanuéla,F
Emerencia,F
Emerika,F
Emerina,F
Emerita,F
Emerka,F
Emese,F
Émi,F
Emili,F
Emilia,F
Emília,F
Emiliána,F
Emina,F
Emíra,F
Emma,F
Emmaléna,F
Emmaróza,F
Emmi,F
Em?,F
Em?ke,F
Enciána,F
Ené,F
Enéh,F
Enese,F
Enet,F
Enid,F
Enik?,F
Enja,F
Enna,F
Enola,F
Éovin,F
Eper,F
Eperke,F
Epifánia,F
Eponin,F
Era,F
Erátó,F
Erika,F
Erina,F
Ermelinda,F
Erna,F
Ernella,F
Erneszta,F
Ernesztin,F
Ernesztina,F
Ervina,F
Ervínia,F
Erzsébet,F
Erzsi,F
Esma,F
Estella,F
Estike,F
Estilla,F
Eszmeralda,F
Esztella,F
Eszténa,F
Eszter,F
Eta,F
Etel,F
Etelka,F
Etka,F
Etta,F
Etus,F
Eudókia,F
Eudoxia,F
Eufémia,F
Eufrozina,F
Eugénia,F
Eulália,F
Eunika,F
Euniké,F
Euridiké,F
Európa,F
Eutímia,F
Euzébia,F
Éva,F
Evangelika,F
Evangelina,F
Evelin,F
Evelina,F
Evetke,F
Évi,F
Evica,F
Evila,F
Evina,F
Evita,F
Evódia,F
Evolet,F
Evolett,F
Evra,F
Fabiána,F
Fabióla,F
Fabrícia,F
Fadett,F
Fahéj,F
Fáni,F
Fanna,F
Fanni,F
Fantina,F
Fárá,F
Fáta,F
Fatima,F
Fatime,F
Fausztina,F
Fébé,F
Febrónia,F
Federika,F
Fedóra,F
Fédra,F
Fehér,F
Fehéra,F
Fehére,F
Fehérke,F
Felda,F
Felícia,F
Feliciána,F
Felicita,F
Felicitás,F
Felicitász,F
Femke,F
Fenenna,F
Feodóra,F
Ferdinanda,F
Fernanda,F
Fiametta,F
Fiamma,F
Fidélia,F
Filadelfia,F
Filippa,F
Fillisz,F
Filoméla,F
Filoména,F
Filotea,F
Fióna,F
Fiorella,F
Fioretta,F
Firtos,F
Flamina,F
Flanna,F
Flávia,F
Flóra,F
Floransz,F
Florencia,F
Florentina,F
Florianna,F
Florica,F
Florina,F
Florinda,F
Fortuna,F
Fortunáta,F
F?be,F
Franciska,F
Frangipáni,F
Franka,F
Franni,F
Freja,F
Frézia,F
Frida,F
Friderika,F
Fruzsina,F
Fulvia,F
Fürtike,F
Füzér,F
Füzike,F
Gabriella,F
Gaia,F
Gajána,F
Gala,F
Galamb,F
Galatea,F
Gália,F
Galina,F
Ganka,F
Gardénia,F
Gauri,F
Géda,F
Géla,F
Gemella,F
Gemma,F
Génia,F
Genovéva,F
Georgina,F
Gerbera,F
Gerda,F
Gerle,F
Gerti,F
Gertrúd,F
Gertrúdisz,F
Gesztenye,F
Gilberta,F
Gilda,F
Gina,F
Giszmunda,F
Gitka,F
Gitta,F
Giza,F
Gizella,F
Glenda,F
Glenna,F
Glória,F
Godiva,F
Golda,F
Golde,F
Goldi,F
Goldina,F
Gordána,F
Grácia,F
Graciána,F
Graciella,F
Grész,F
Gréta,F
Gréte,F
Gréti,F
Grizelda,F
Grizeldisz,F
Gunda,F
Gvenda,F
Gvendolin,F
Gyémánt,F
Gyopár,F
Gyopárka,F
Gyömbér,F
Gyöngy,F
Gyöngyi,F
Gyöngyike,F
Gyöngyös,F
Gyöngyvér,F
Gyöngyvirág,F
Györgyi,F
Györgyike,F
Hadassa,F
Hágár,F
Hajna,F
Hajnácska,F
Hajnal,F
Hajnalka,F
Hajni,F
Halina,F
Hana,F
Hanga,F
Hani,F
Hanife,F
Hanka,F
Hanna,F
Hannabella,F
Hannadóra,F
Hannaliza,F
Hannaróza,F
Hanni,F
Hargita,F
Hargitta,F
Harmat,F
Harmatka,F
Harriet,F
Hatidzse,F
Havadi,F
Havaska,F
Heba,F
Hébé,F
Héda,F
Hedda,F
Hédi,F
Hedvig,F
Heidi,F
Héla,F
Helen,F
Helén,F
Helena,F
Heléna,F
Helga,F
Héli,F
Hélia,F
Helka,F
Hella,F
Helza,F
Heni,F
Henna,F
Henni,F
Henriett,F
Henrietta,F
Héra,F
Hermia,F
Hermina,F
Herta,F
Heszna,F
Hessza,F
Hetti,F
Hiacinta,F
Hieronima,F
Hilária,F
Hilda,F
Hildegárd,F
Hildelita,F
Hilka,F
Hina,F
Hippia,F
Hippolita,F
Hófehérke,F
Holda,F
Holli,F
Honóra,F
Honoráta,F
Honória,F
Honorina,F
Honorka,F
Horácia,F
Hortenzia,F
Hóvirág,F
Huberta,F
Hunóra,F
Hunorka,F
Hürrem,F
Ibolya,F
Ibolyka,F
Ica,F
Ida,F
Idril,F
Iduna,F
Ifigénia,F
Iglice,F
Ignácia,F
Ika,F
Ila,F
Ilang,F
Ilcsi,F
Ilda,F
Ildi,F
Ildikó,F
Ilitia,F
Ilka,F
Illa,F
Illangó,F
Ilma,F
Ilna,F
Ilon,F
Ilona,F
Ilonka,F
Ilus,F
Iluska,F
Ilza,F
Ilze,F
Imela,F
Imelda,F
Immakuláta,F
Imodzsen,F
Imogén,F
Imola,F
Inana,F
Inci,F
India,F
Indira,F
Indra,F
Inessza,F
Inez,F
Inge,F
Ingeborg,F
Ingrid,F
Inka,F
Innocencia,F
Ippolita,F
Ira,F
Iremide,F
Irén,F
Iréne,F
Irénke,F
Irina,F
Iringó,F
Írisz,F
Irma,F
Isméria,F
Itala,F
Ivána,F
Ivett,F
Ivetta,F
Ivica,F
Ivid?,F
Ivola,F
Ivon,F
Ivonn,F
Iza,F
Izabel,F
Izabell,F
Izabella,F
Izaura,F
Izidóra,F
Ízisz,F
Izméne,F
Izolda,F
Izóra,F
Jácinta,F
Jáde,F
Jádránka,F
Jadviga,F
Jáel,F
Jáél,F
Jaffa,F
Jáhel,F
Jaina,F
Jakobina,F
Jamina,F
Jamuná,F
Jana,F
Jána,F
Janina,F
Janka,F
Janna,F
Jara,F
Jára,F
Járá,F
Jarmila,F
Jászira,F
Jávorka,F
Jázmin,F
Jázmina,F
Jelena,F
Jelina,F
Jelka,F
Jella,F
Jemima,F
Jenni,F
Jente,F
Jerne,F
Jeronima,F
Jerta,F
Jeszénia,F
Jetta,F
Jetti,F
Jiszka,F
Joana,F
Johanka,F
Johanna,F
Johara,F
Jokébed,F
Jola,F
Jolán,F
Jolanda,F
Jolánka,F
Jolánta,F
Joli,F
Jolina,F
Jonka,F
Jonna,F
Jordána,F
Joszina,F
Jována,F
Jozefa,F
Jozefin,F
Jozefina,F
Józsa,F
Juci,F
Judit,F
Julcsi,F
Juli,F
Júlia,F
Juliána,F
Julianna,F
Julietta,F
Julilla,F
Julinka,F
Juliska,F
Julitta,F
Julka,F
Júnó,F
Jusztícia,F
Jusztina,F
Jusztínia,F
Jutka,F
Jutta,F
Kádizsá,F
Kála,F
Kali,F
Kalina,F
Kalipszó,F
Kalli,F
Kalliopé,F
Kalliszta,F
Kalpavalli,F
Kámea,F
Kamélia,F
Kamilia,F
Kamília,F
Kamilla,F
Kandida,F
Karen,F
Karin,F
Karina,F
Kárisz,F
Karitász,F
Karla,F
Karméla,F
Karmelina,F
Karmella,F
Karmen,F
Kármen,F
Kármin,F
Karola,F
Karolin,F
Karolina,F
Karolt,F
Kasszandra,F
Kassziopeia,F
Kata,F
Katalea,F
Katalin,F
Katalina,F
Katarina,F
Katerina,F
Kati,F
Katica,F
Katinka,F
Kató,F
Katrin,F
Katrina,F
Kátya,F
Kecia,F
Keikó,F
Kéla,F
Kelda,F
Kelli,F
Kendra,F
Kenza,F
Kéra,F
Kéren,F
Kerka,F
Kersztin,F
Kerubina,F
Késa,F
Ketrin,F
Kiara,F
Kikinda,F
Kiliána,F
Kimberli,F
Kincs,F
Kincse,F
Kincs?,F
Kinga,F
Kira,F
Kíra,F
Kiri,F
Kirilla,F
Kirtana,F
Kisanna,F
Kisó,F
Kitana,F
Kitti,F
Klára,F
Klári,F
Klarisz,F
Klarissza,F
Klaudetta,F
Klaudia,F
Klaudiána,F
Klea,F
Klélia,F
Klemátisz,F
Klemencia,F
Klementin,F
Klementina,F
Kleó,F
Kleopátra,F
Klió,F
Kloé,F
Klotild,F
Kolett,F
Koletta,F
Kolomba,F
Kolombina,F
Konkordia,F
Konstancia,F
Konstantina,F
Kora,F
Korália,F
Korall,F
Kordélia,F
Koretta,F
Korina,F
Korinna,F
Kornélia,F
Koronilla,F
Kozett,F
Kozima,F
Kökény,F
Kreola,F
Kreszcencia,F
Krimhilda,F
Kriszta,F
Krisztabell,F
Kriszti,F
Krisztiána,F
Krisztin,F
Krisztina,F
Krizanta,F
Krizia,F
Kunigunda,F
Kunti,F
Küllikki,F
Küne,F
Ladiszla,F
Lagerta,F
Laksmi,F
Lalita,F
Lamberta,F
Lana,F
Lara,F
Larcia,F
Larett,F
Larina,F
Larissza,F
Lartia,F
Latífe,F
Latiká,F
Latinka,F
Laura,F
Laurencia,F
Lauretta,F
Lava,F
Lavanda,F
Lavínia,F
Lea,F
Leandra,F
Léda,F
Leila,F
Lejka,F
Lejla,F
Lejle,F
Lejre,F
Léla,F
Lélia,F
Lelle,F
Lemna,F
Léna,F
Lencsi,F
Léni,F
Lenita,F
Lenka,F
Lenke,F
Lenor,F
Lenóra,F
Leona,F
Leonarda,F
Leonetta,F
Leoni,F
Leonor,F
Leonóra,F
Leontina,F
Leopolda,F
Leopoldina,F
Leóti,F
Leticia,F
Letícia,F
Letisa,F
Létó,F
Letta,F
Letti,F
Levendula,F
Levina,F
Levízia,F
Lexa,F
Lia,F
Liana,F
Liána,F
Lianna,F
Liara,F
Lícia,F
Lida,F
Lidi,F
Lídia,F
Lígia,F
Lili,F
Lilia,F
Lilian,F
Lilián,F
Liliána,F
Lilianna,F
Lilibell,F
Lilibet,F
Lilien,F
Liliom,F
Liliróza,F
Lilit,F
Lilita,F
Lilla,F
Lilu,F
Lina,F
Linda,F
Linéa,F
Linett,F
Linetta,F
Linka,F
Lionella,F
Lióra,F
Lira,F
Líra,F
Líria,F
Lita,F
Lítia,F
Liv,F
Lívia,F
Liviána,F
Livianna,F
Liz,F
Liza,F
Lizabell,F
Lizabella,F
Lizabett,F
Lizandra,F
Lizanka,F
Lizanna,F
Lizavéta,F
Lizbett,F
Lízel,F
Lizett,F
Lizetta,F
Lizi,F
Lízia,F
Lizinka,F
Ljuba,F
Lóisz,F
Lola,F
Lolita,F
Lolli,F
Lona,F
Lóna,F
Lonci,F
Lonka,F
Lora,F
Lorabell,F
Lorabella,F
Lorella,F
Lorena,F
Loréna,F
Lorenza,F
Lorett,F
Loretta,F
Lori,F
Loriana,F
Lorin,F
Lorina,F
Lorka,F
Lorna,F
Lotta,F
Lotte,F
Lotti,F
Luca,F
Lúcia,F
Luciána,F
Lucilla,F
Lucinda,F
Lúcsia,F
Ludmilla,F
Ludovika,F
Lujza,F
Lujzi,F
Lukrécia,F
Lula,F
Lulu,F
Luna,F
Lupitá,F
Lüszi,F
Mábel,F
Mabella,F
Madita,F
Madlen,F
Madléna,F
Magda,F
Magdaléna,F
Magdi,F
Magdó,F
Magdolna,F
Magnólia,F
Magorka,F
Mahália,F
Maida,F
Maja,F
Majoranna,F
Makaréna,F
Makrina,F
Malajka,F
Maléna,F
Malina,F
Malka,F
Málna,F
Malvin,F
Malvina,F
Mályva,F
Maminti,F
Mana,F
Manda,F
Mandola,F
Mandorla,F
Mandula,F
Manfréda,F
Manga,F
Manka,F
Manna,F
Manolita,F
Manon,F
Manszvéta,F
Manuela,F
Manuéla,F
Manuella,F
Manyi,F
Mara,F
Marcella,F
Marcellina,F
Maréza,F
Margarét,F
Margaréta,F
Margaretta,F
Margarita,F
Margit,F
Margita,F
Margitta,F
Margitvirág,F
Margó,F
Mari,F
Mária,F
Mariam,F
Mariann,F
Marianna,F
Marica,F
Mariella,F
Mariett,F
Marietta,F
Marika,F
Marilla,F
Marina,F
Marinella,F
Marinetta,F
Marinka,F
Marion,F
Marióra,F
Mariska,F
Marita,F
Markéta,F
Marléne,F
Márta,F
Márti,F
Martina,F
Martinella,F
Martinka,F
Masa,F
Mása,F
Matild,F
Matilda,F
Mátka,F
Maura,F
Maurícia,F
Maxima,F
Maximilla,F
Mea,F
Méda,F
Medárda,F
Médea,F
Médeia,F
Médi,F
Medina,F
Medó,F
Medóra,F
Megán,F
Megara,F
Meggi,F
Mehdia,F
Meike,F
Meira,F
Melani,F
Melánia,F
Melba,F
Mélia,F
Melina,F
Melinda,F
Melióra,F
Melissza,F
Melitta,F
Melizand,F
Melodi,F
Melódia,F
Meluzina,F
Mena,F
Mendi,F
Menodóra,F
Menta,F
Méra,F
Méráb,F
Mercédesz,F
Meredisz,F
Meri,F
Méri,F
Meril,F
Merilin,F
Merima,F
Messzua,F
Méta,F
Metella,F
Métisz,F
Metta,F
Mézi,F
Mia,F
Miana,F
Mici,F
Miett,F
Mietta,F
Mihaéla,F
Mikaéla,F
Mikolt,F
Mila,F
Milágrosz,F
Milana,F
Milanna,F
Milda,F
Mildi,F
Milena,F
Miléna,F
Miletta,F
Milica,F
Milijana,F
Milka,F
Milla,F
Milli,F
Mimi,F
Mimma,F
Mimóza,F
Mina,F
Mína,F
Mínea,F
Minerva,F
Minetta,F
Minka,F
Minna,F
Minóna,F
Mira,F
Míra,F
Mirabel,F
Mirabell,F
Mirabella,F
Mirana,F
Miranda,F
Mirandella,F
Mirandola,F
Mirandolína,F
Mirázs,F
Mirea,F
Mirella,F
Miri,F
Míria,F
Miriam,F
Miriám,F
Mirijam,F
Mirjam,F
Mirjám,F
Mirjána,F
Mirka,F
Mirna,F
Mirona,F
Mirtilia,F
Mirtill,F
Misell,F
Mita,F
Miu,F
Moána,F
Modeszta,F
Modesztina,F
Mogyoró,F
Móhini,F
Moira,F
Molli,F
Mona,F
Móna,F
Móni,F
Mónika,F
Montika,F
Morella,F
Morgána,F
Muriel,F
Múzsa,F
Nabiha,F
Nabila,F
Nadett,F
Nadia,F
Nadin,F
Nadina,F
Nadinka,F
Nadira,F
Nádja,F
Nagyezsda,F
Naira,F
Nájiká,F
Nala,F
Nalani,F
Naliba,F
Nalini,F
Nalla,F
Namika,F
Nana,F
Nanae,F
Nanda,F
Nandin,F
Nandini,F
Nandita,F
Nanett,F
Nanetta,F
Náni,F
Naomi,F
Naómi,F
Napsugár,F
Napvirág,F
Nara,F
Narin,F
Nárcisz,F
Narcissza,F
Narina,F
Narmin,F
Násfa,F
Nasira,F
Nasztázia,F
Natali,F
Natália,F
Natánia,F
Natasa,F
Nauszika,F
Nausziká,F
Nauzika,F
Nazira,F
Nazli,F
Nea,F
Nedda,F
Nefelejcs,F
Nefeli,F
Néla,F
Nelda,F
Néle,F
Nélia,F
Nella,F
Nelli,F
Nenszi,F
Nerella,F
Nerina,F
Neste,F
Neszrin,F
Neszta,F
Netta,F
Netti,F
Néva,F
Névia,F
Nia,F
Niara,F
Nika,F
Niké,F
Niki,F
Nikodémia,F
Nikol,F
Nikola,F
Nikolett,F
Nikoletta,F
Nikolina,F
Nila,F
Níla,F
Nilla,F
Nilüfer,F
Nimfa,F
Nina,F
Ninell,F
Ninett,F
Ninetta,F
Ninon,F
Niobé,F
Nirmalá,F
Nisá,F
Nissza,F
Nita,F
Niva,F
Noa,F
Noéla,F
Noélia,F
Noelin,F
Noelina,F
Noella,F
Noémi,F
Nola,F
Nolina,F
Nomin,F
Nona,F
Nóna,F
Nonna,F
Nóra,F
Norberta,F
Norella,F
Norena,F
Nóri,F
Norina,F
Norka,F
Norma,F
Nova,F
Nóva,F
Noveli,F
Nurbanu,F
Núria,F
Nyeste,F
Nyina,F
Oana,F
Óceánia,F
Odett,F
Odetta,F
Odil,F
Odília,F
Ofélia,F
Oktávia,F
Olena,F
Olga,F
Oliána,F
Olimpia,F
Olina,F
Olinda,F
Oliva,F
Olivia,F
Olívia,F
Opál,F
Opika,F
Ora,F
Orália,F
Orchidea,F
Orgona,F
Oriána,F
Orsi,F
Orsika,F
Orsolya,F
Oszvalda,F
Otília,F
Otti,F
Ottilia,F
Oxána,F
Ozora,F
Örsi,F
Örsike,F
Örzse,F
?szike,F
?zike,F
Padma,F
Pálma,F
Palmira,F
Paloma,F
Palóma,F
Pamela,F
Paméla,F
Pamína,F
Pandora,F
Pandóra,F
Panka,F
Panna,F
Panni,F
Parisza,F
Paszkália,F
Pasztorella,F
Patricia,F
Patrícia,F
Paula,F
Pauletta,F
Paulin,F
Paulina,F
Peggi,F
Pelágia,F
Pénelopé,F
Peónia,F
Peregrina,F
Perenna,F
Perla,F
Perpétua,F
Petra,F
Petrina,F
Petronella,F
Petrónia,F
Petúnia,F
Pilár,F
Pinty?ke,F
Pipacs,F
Pippa,F
Pírea,F
Piri,F
Pirit,F
Piros,F
Piroska,F
Placida,F
Platina,F
Póla,F
Polda,F
Polett,F
Pólika,F
Polina,F
Polixéna,F
Polixénia,F
Polla,F
Polli,F
Pompília,F
Pompónia,F
Poppea,F
Primula,F
Priszcilla,F
Prudencia,F
Psziché,F
Ráchel,F
Rafaéla,F
Rafaella,F
Ragna,F
Ráhel,F
Rahima,F
Raina,F
Rajmonda,F
Rajmunda,F
Rákhel,F
Rákis,F
Raktimá,F
Ramina,F
Ramira,F
Ramóna,F
Rana,F
Rania,F
Ránia,F
Rasdi,F
Rea,F
Rebeka,F
Rege,F
Regina,F
Reina,F
Réka,F
Relinda,F
Rella,F
Relli,F
Remény,F
Reményke,F
Réna,F
Renáta,F
Reni,F
Réta,F
Rezeda,F
Rézi,F
Ria,F
Riana,F
Rika,F
Ríka,F
Rikarda,F
Ripszima,F
Rita,F
Ritta,F
Riza,F
Roberta,F
Robertin,F
Robertina,F
Robina,F
Robinetta,F
Rodé,F
Rodelinda,F
Rodina,F
Romána,F
Romi,F
Romina,F
Rominett,F
Romola,F
Rona,F
Ronett,F
Ronetta,F
Rovéna,F
Roxán,F
Roxána,F
Róz,F
Róza,F
Rózabella,F
Rozali,F
Rozál,F
Rozália,F
Rozalin,F
Rozalina,F
Rozalinda,F
Rózamari,F
Rozamunda,F
Rozanna,F
Rozi,F
Rózi,F
Rozina,F
Rozita,F
Rozmarin,F
Rozmaring,F
Rozvita,F
Rózsa,F
Rózsi,F
Röné,F
Rubi,F
Rubin,F
Rubina,F
Rubinka,F
Rudolfina,F
Rufina,F
Rúna,F
Ruperta,F
Ruszalka,F
Ruszlána,F
Rut,F
Ruti,F
Ruzsinka,F
Rüja,F
Sába,F
Sáfély,F
Sáfrány,F
Sakira,F
Sakti,F
Salomé,F
Salóme,F
Samuella,F
Sanel,F
Santál,F
Santel,F
Sára,F
Sári,F
Sarlott,F
Sárlott,F
Sárma,F
Sármen,F
Sarolt,F
Sarolta,F
Sáron,F
Seherezádé,F
Seila,F
Sejda,F
Sejla,F
Sekina,F
Seli,F
Senon,F
Sera,F
Serihen,F
Serin,F
Seron,F
Sifra,F
Sina,F
Sirá,F
Siváni,F
Skolasztika,F
Stefánia,F
Stefi,F
Stella,F
Sudár,F
Sudárka,F
Sugár,F
Sugárka,F
Suki,F
Szabella,F
Szabina,F
Szabrina,F
Szaffi,F
Szafia,F
Szafira,F
Szalima,F
Szalóme,F
Szalvia,F
Szamanta,F
Szamia,F
Szamira,F
Szamóca,F
Szandra,F
Szangítá,F
Szániva,F
Szanna,F
Szantána,F
Szantina,F
Szaraszvati,F
Szaszkia,F
Száva,F
Szavanna,F
Szavéta,F
Szavina,F
Szávitri,F
Szébra,F
Szeder,F
Szederke,F
Szedra,F
Szegf?,F
Szeléna,F
Szelina,F
Szelli,F
Szell?,F
Szell?ke,F
Szelma,F
Szemerke,F
Szemira,F
Szemirámisz,F
Szem?ke,F
Szende,F
Szendi,F
Szendike,F
Szendile,F
Szengláhák,F
Szénia,F
Szenta,F
Szépa,F
Szépe,F
Szera,F
Szerah,F
Szerafina,F
Szeréna,F
Szerénke,F
Szerk?,F
Szevda,F
Szeverina,F
Szezen,F
Szibell,F
Szibella,F
Szibill,F
Szibilla,F
Szidalisz,F
Szidi,F
Szidónia,F
Sziéna,F
Szierra,F
Sziglind,F
Szilárda,F
Szille,F
Szilva,F
Szilvána,F
Szilvesztra,F
Szilvi,F
Szilvia,F
Szimin,F
Szimka,F
Szimóna,F
Szimonett,F
Szimonetta,F
Szindi,F
Színes,F
Szinta,F
Szintia,F
Szira,F
Szíra,F
Szirén,F
Sziri,F
Sziringa,F
Szirka,F
Szirom,F
Szironka,F
Szítá,F
Szixtin,F
Szixtina,F
Szivárvány,F
Szkarlett,F
Szkilla,F
Szmirna,F
Sznezsana,F
Szofi,F
Szofia,F
Szófia,F
Szofiana,F
Szofiána,F
Szofianna,F
Szofinett,F
Szofrónia,F
Szohéila,F
Szolanzs,F
Szolina,F
Szona,F
Szonja,F
Szonóra,F
Szoraja,F
Szoria,F
Szorina,F
Szörénke,F
Sztavrula,F
Sztefani,F
Sztella,F
Sztilla,F
Szulamit,F
Szulejka,F
Szulikó,F
Szulita,F
Szultána,F
Szurina,F
Szüntüké,F
Szüvell?,F
Szvetlana,F
Szvetlána,F
Tábita,F
Tácia,F
Taciána,F
Taisza,F
Tália,F
Talita,F
Tallula,F
Támár,F
Tamara,F
Tamila,F
Tamina,F
Tamira,F
Tanázia,F
Tanita,F
Tánya,F
Tara,F
Tarzícia,F
Tatjána,F
Tavasz,F
Tavaszka,F
Tea,F
Tegza,F
Tekla,F
Telka,F
Telma,F
Témisz,F
Téna,F
Ténia,F
Teobalda,F
Teodolinda,F
Teodóra,F
Teodózia,F
Teofánia,F
Teofila,F
Teónia,F
Tercia,F
Teréz,F
Tereza,F
Teréza,F
Terézia,F
Teri,F
Terka,F
Terra,F
Tertullia,F
Tessza,F
Tétisz,F
Tia,F
Tiana,F
Tiána,F
Tiara,F
Tícia,F
Ticiána,F
Tifani,F
Tikva,F
Tilda,F
Tília,F
Tilla,F
Tímea,F
Timona,F
Timótea,F
Tina,F
Tinetta,F
Tinka,F
Tira,F
Tíra,F
Tirca,F
Tíria,F
Tirza,F
Titánia,F
Titanilla,F
Titti,F
Tittína,F
Tóbia,F
Tomázia,F
Tomazina,F
Topáz,F
Toszka,F
Triniti,F
Triszta,F
Trixi,F
Trudi,F
Túlia,F
Tulipán,F
Tullia,F
Tünde,F
Tündér,F
Tündi,F
T?zvirág,F
Uljána,F
Ulla,F
Ulrika,F
Úna,F
Uránia,F
Urbána,F
Urszula,F
Urzula,F
Urzulina,F
Uzonka,F
Üdvöske,F
Üne,F
Ünige,F
Ün?ke,F
Vadvirág,F
Valburga,F
Valencia,F
Valentina,F
Valéria,F
Valetta,F
Valina,F
Vanda,F
Vanessza,F
Vanília,F
Vanilla,F
Vanna,F
Varínia,F
Vásti,F
Vaszilia,F
Vaszília,F
Vasziliki,F
Veca,F
Véda,F
Vélia,F
Velmira,F
Vendela,F
Vendelina,F
Vendi,F
Vénusz,F
Vera,F
Veránka,F
Verbéna,F
Veréna,F
Verita,F
Verka,F
Verna,F
Veron,F
Verona,F
Veronika,F
Veronka,F
Veselke,F
Veszna,F
Veszta,F
Véta,F
Vetti,F
Vetúria,F
Via,F
Vica,F
Viki,F
Vikta,F
Viktória,F
Viktorina,F
Vilászini,F
Vilde,F
Vilhelma,F
Vilhelmina,F
Vilja,F
Vill?,F
Vilma,F
Vilora,F
Vilté,F
Vincencia,F
Viola,F
Violenta,F
Violet,F
Violett,F
Violetta,F
Viorika,F
Virág,F
Virgília,F
Virgínia,F
Víta,F
Vitália,F
Vitolda,F
Vivi,F
Viviána,F
Vivianna,F
Vivien,F
Vivika,F
Vrinda,F
Vrindávani,F
Vulfia,F
Xavéria,F
Xénia,F
Xenodiké,F
Zada,F
Zádorka,F
Zafira,F
Zahara,F
Zahira,F
Zaina,F
Zája,F
Zakária,F
Zalánka,F
Záli,F
Zamfira,F
Zamina,F
Zamira,F
Zamíra,F
Zana,F
Zara,F
Zarina,F
Zazi,F
Zdenka,F
Zea,F
Zéfi,F
Zefira,F
Zejna,F
Zejnep,F
Zéla,F
Zelda,F
Zélia,F
Zelina,F
Zelinda,F
Zelinde,F
Zeline,F
Zelinke,F
Zelka,F
Zella,F
Zelli,F
Zelma,F
Zelmira,F
Zena,F
Zéna,F
Zenge,F
Zeng?,F
Zenina,F
Zenke,F
Zenk?,F
Zenna,F
Zenóbia,F
Zenta,F
Zeta,F
Zetta,F
Zetti,F
Zia,F
Ziara,F
Zília,F
Zille,F
Zimra,F
Zina,F
Zinaida,F
Zinajda,F
Zinka,F
Zita,F
Ziva,F
Ziza,F
Zizi,F
Zlata,F
Zoárda,F
Zoé,F
Zohara,F
Zoja,F
Zója,F
Zolna,F
Zoltána,F
Zomilla,F
Zonera,F
Zonga,F
Zora,F
Zóra,F
Zorina,F
Zorinka,F
Zorka,F
Zosja,F
Zöldike,F
Zulejka,F
Zsadányka,F
Zsaklin,F
Zsáklin,F
Zsálya,F
Zsana,F
Zsanett,F
Zsanin,F
Zsanina,F
Zsanka,F
Zsanna,F
Zsazsa,F
Zsázsa,F
Zsejke,F
Zselinke,F
Zsella,F
Zselyke,F
Zseni,F
Zseraldin,F
Zseráldin,F
Zseraldina,F
Zsinett,F
Zsófi,F
Zsófia,F
Zsófianna,F
Zsóka,F
Zsolna,F
Zsorzsett,F
Zsuzsa,F
Zsuzsanna,F
Zsuzsánna,F
Zsuzsi,F
Zsuzska,F
Zsüliett,F
Zsüsztin,F
Aba,M
Abád,M
Abbás,M
Abdiás,M
Abdon,M
Abdullah,M
Ábel,M
Abelárd,M
Ábner,M
Abod,M
Abony,M
Abos,M
Abosa,M
Ábrahám,M
Ábrám,M
Ábrán,M
Ábris,M
Absa,M
Absolon,M
Acél,M
Achilles,M
Achillesz,M
Áchim,M
Acsád,M
Adalbert,M
Ádám,M
Adeboró,M
Ádel,M
Adelmár,M
Áden,M
Adeodát,M
Ádér,M
Ádin,M
Adolár,M
Adolf,M
Ádomás,M
Adonisz,M
Adony,M
Adorján,M
Adrián,M
Adriánó,M
Agád,M
Agamemnon,M
Agapion,M
Ágas,M
Agaton,M
Agenor,M
Aggeus,M
Agmánd,M
Ágost,M
Ágoston,M
Ahillész,M
Áhim,M
Ahmed,M
Airton,M
Ajád,M
Ajándok,M
Ajtony,M
Akács,M
Akhilleusz,M
Akitó,M
Ákos,M
Aladár,M
Aladdin,M
Aladin,M
Alajos,M
Alán,M
Alap,M
Alárd,M
Alarik,M
Albert,M
Albin,M
Aldán,M
Áldás,M
Aldó,M
Áldor,M
Alek,M
Alekszej,M
Alen,M
Alex,M
Alexander,M
Alfonz,M
Alfréd,M
Algernon,M
Ali,M
Alieu,M
Almár,M
Álmos,M
Alpár,M
Alperen,M
Álváró,M
Alvián,M
Alvin,M
Amadé,M
Amadeusz,M
Amadó,M
Amand,M
Amar,M
Amator,M
Ambos,M
Ambró,M
Ambrus,M
Ámer,M
Amin,M
Amir,M
Ammar,M
Ammon,M
Ámon,M
Amondó,M
Ámor,M
Ámos,M
Anakin,M
Anasztáz,M
Anatol,M
Andon,M
Andor,M
Andorás,M
Andos,M
András,M
André,M
Andrej,M
Andzseló,M
Angelus,M
Angelusz,M
Ángyán,M
Anicét,M
Aníziusz,M
Antal,M
Antigon,M
Anton,M
Antónió,M
Antos,M
Anzelm,M
Ányos,M
Apaj,M
Apollinár,M
Apolló,M
Apor,M
Apostol,M
Apród,M
Aracs,M
Arad,M
Aragorn,M
Aram,M
Aramisz,M
Árav,M
Archibald,M
Árden,M
Ardó,M
Arek,M
Árész,M
Arétász,M
Arián,M
Arie,M
Ariel,M
Arif,M
Arion,M
Árisz,M
Arisztid,M
Ariton,M
Arkád,M
Árkád,M
Árkos,M
Arlen,M
Árlen,M
Armand,M
Armandó,M
Ármin,M
Arnó,M
Arnold,M
Arnót,M
Áron,M
Árpád,M
Arszák,M
Árszen,M
Arszlán,M
Artem,M
Artemon,M
Artin,M
Artúr,M
Arus,M
Arvéd,M
Arvid,M
Árvin,M
Arzén,M
Aser,M
Áser,M
Ashraf,M
Asur,M
Aszáf,M
Aszmet,M
Aszter,M
Asztor,M
Asztrik,M
Ata,M
Atád,M
Atakám,M
Atanáz,M
Atilla,M
Atlasz,M
Aton,M
Atos,M
Atosz,M
Attila,M
Auguszt,M
Augusztusz,M
Aurél,M
Aurélián,M
Avenár,M
Avidan,M
Avner,M
Axel,M
Azár,M
Azarél,M
Azim,M
Aziz,M
Azriel,M
Bács,M
Bacsó,M
Bagamér,M
Baján,M
Bajka,M
Bajnok,M
Bájron,M
Bakács,M
Baksa,M
Bakta,M
Balabán,M
Baladéva,M
Balambér,M
Balár,M
Balaráma,M
Balassa,M
Balázs,M
Baldó,M
Baldur,M
Baldvin,M
Balián,M
Bálint,M
Balla,M
Balló,M
Balmaz,M
Baltazár,M
Bán,M
Bandó,M
Bánk,M
Bános,M
Barabás,M
Baracs,M
Barakony,M
Barangó,M
Bardó,M
Barla,M
Barlám,M
Barna,M
Barnabás,M
Barót,M
Bars,M
Barsz,M
Barta,M
Bartal,M
Bartó,M
Barton,M
Bartos,M
Báruk,M
Bató,M
Bátony,M
Bátor,M
Batu,M
Batus,M
Bazil,M
Bazsó,M
Becse,M
Bedecs,M
Bed?,M
Beke,M
Bekény,M
Bekes,M
Békés,M
Bek?,M
Béla,M
Belár,M
Belián,M
Belizár,M
Ben,M
Benája,M
Benammi,M
Bence,M
Bende,M
Bendegúz,M
Bendit,M
Bene,M
Benedek,M
Benedikt,M
Benediktusz,M
Benett,M
Béni,M
Beniel,M
Benignusz,M
Benitó,M
Benjamin,M
Benjámin,M
Benke,M
Benk?,M
Bennó,M
Ben?,M
Bentli,M
Benvenútó,M
Berárd,M
Bérc,M
Bercel,M
Bere,M
Berec,M
Berend,M
Berengár,M
Berente,M
Berény,M
Berger,M
Berián,M
Beriszló,M
Berke,M
Berker,M
Berkó,M
Bernárd,M
Bernát,M
Bertalan,M
Bertel,M
Bertil,M
Bertin,M
Bertold,M
Berton,M
Bertram,M
Berzsián,M
Bese,M
Beten,M
Betlen,M
Bihar,M
Bjárke,M
Björn,M
Boáz,M
Bocsárd,M
Bod,M
Bodó,M
Bódog,M
Bodomér,M
Bodony,M
Bodor,M
Bogát,M
Bogdán,M
Bogumil,M
Bohumil,M
Bohus,M
Boján,M
Bojta,M
Bojtor,M
Bojtorján,M
Boldizsár,M
Boleszláv,M
Bolivár,M
Bolyk,M
Bonaventúra,M
Bonca,M
Bongor,M
Bonifác,M
Bónis,M
Bónó,M
Borbás,M
Borisz,M
Borocs,M
Boromir,M
Boroszló,M
Bors,M
Borsa,M
Botár,M
Botir,M
Botond,M
Botos,M
Bottyán,M
Bozsidár,M
Bozsó,M
Bökény,M
Böngér,M
Brájen,M
Bránkó,M
Brendon,M
Brett,M
Brúnó,M
Brútusz,M
Buda,M
Bulcsú,M
Buldus,M
Burak,M
Buzád,M
Buzát,M
Cádók,M
Cecilián,M
Celesztin,M
Cézár,M
Ciceró,M
Ciprián,M
Cirill,M
Cirják,M
Cirjék,M
Círus,M
Cvi,M
Csaba,M
Csák,M
Csanád,M
Csát,M
Csatád,M
Csatár,M
Csató,M
Csed,M
Csege,M
Cseg?,M
Csejte,M
Cseke,M
Csek?,M
Csemen,M
Csenger,M
Csépán,M
Csepel,M
Cserjén,M
Csete,M
Csetény,M
Csikó,M
Csingiz,M
Csobád,M
Csobajd,M
Csobán,M
Csobánc,M
Csolt,M
Csoma,M
Csombor,M
Csomor,M
Csongor,M
Csörsz,M
Dagobert,M
Dagomér,M
Dakó,M
Dalia,M
Dalibor,M
Dalton,M
Damáz,M
Damián,M
Damír,M
Damján,M
Damos,M
Dániel,M
Daniló,M
Dános,M
Dante,M
Daren,M
Dárió,M
Dárius,M
Dáriusz,M
Dárkó,M
Darnel,M
Dasztin,M
Dátán,M
Dávid,M
Décse,M
Deján,M
Dejte,M
Delánó,M
Deli,M
Deme,M
Demény,M
Demeter,M
Demir,M
Demjén,M
Dénes,M
Dengezik,M
Denisz,M
Denton,M
Deodát,M
Derek,M
Derel,M
Ders,M
Derzs,M
Dés,M
Detre,M
Dévald,M
Devecser,M
Dexter,M
Dezmér,M
Dezsér,M
Dezsider,M
Dezs?,M
Diaz,M
Diegó,M
Dienes,M
Dijár,M
Dilen,M
Dilon,M
Dimitri,M
Dimitrij,M
Dioméd,M
Ditmár,M
Doboka,M
Dókus,M
Doma,M
Domán,M
Dománd,M
Domicián,M
Dominik,M
Domokos,M
Domonkos,M
Domos,M
Donald,M
Donát,M
Donátó,M
Donoven,M
Dorel,M
Dorián,M
Dorion,M
Dormán,M
Dormánd,M
Doroteó,M
Dotán,M
Dov,M
Dózsa,M
Döme,M
Dömjén,M
Dömös,M
Dömötör,M
Dragan,M
Drasek,M
Dukász,M
Dusán,M
Dzsamal,M
Dzsárgál,M
Dzsasztin,M
Dzserald,M
Dzsingiz,M
Dzsínó,M
Dzsúlió,M
Ében,M
Ecse,M
Ede,M
Edekon,M
Éder,M
Edgár,M
Edizon,M
Edmond,M
Edmund,M
Edömér,M
Edrik,M
Eduán,M
Eduárd,M
Eduárdó,M
Edvárd,M
Edvin,M
Efe,M
Efraim,M
Efrém,M
Egbert,M
Egmont,M
Egon,M
Egyed,M
Éhud,M
Ejnár,M
Ékám,M
Elád,M
Eldon,M
Elek,M
Elemér,M
Éli,M
Eliáb,M
Elián,M
Éliás,M
Eliél,M
Eliézer,M
Elígiusz,M
Elihú,M
Eliot,M
Elizeus,M
Ellák,M
Elmár,M
Elmó,M
Élon,M
El?d,M
Elton,M
Elvir,M
Emánuel,M
Emeka,M
Emett,M
Emil,M
Emilián,M
Emir,M
Emmett,M
Em?d,M
Endre,M
Éneás,M
Engelbert,M
Engelhard,M
Enki,M
Énok,M
Énók,M
Enrikó,M
Enzó,M
Erazmus,M
Erd?,M
Erhard,M
Erhárd,M
Erik,M
Erk,M
Erling,M
Ernák,M
Ernán,M
Erneszt,M
Ernesztó,M
Ernik,M
Ern?,M
Ernye,M
Erósz,M
Er?s,M
Ervin,M
Étán,M
Ete,M
Etele,M
Etre,M
Eugén,M
Euszták,M
Eutim,M
Évald,M
Evariszt,M
Everard,M
Evron,M
Ezékiel,M
Ezel,M
Ezra,M
Ézsaiás,M
Fábián,M
Fábió,M
Fábiusz,M
Fabó,M
Fabríció,M
Fabrícius,M
Fabríciusz,M
Fadi,M
Fajsz,M
Farisz,M
Farkas,M
Fausztusz,M
Fedor,M
Felicián,M
Félix,M
Ferdinánd,M
Ferenc,M
Fernandó,M
Fernándó,M
Fidél,M
Filemon,M
Filep,M
Filibert,M
Filip,M
Filippó,M
Filomén,M
Fineás,M
Flavián,M
Flávió,M
Fláviusz,M
Florentin,M
Flórián,M
Flóris,M
Fodor,M
Folkus,M
Fóris,M
Fortunát,M
Fortunátó,M
Frank,M
Franklin,M
Frederik,M
Frederíkó,M
Frej,M
Fremont,M
Fridolin,M
Frigyes,M
Frodó,M
Fülöp,M
Gáber,M
Gábor,M
Gabos,M
Gábos,M
Gábri,M
Gábriel,M
Gál,M
Gallusz,M
Gálos,M
Gandalf,M
Gara,M
Gáspár,M
Gaszton,M
Gaura,M
Gazsó,M
Gécsa,M
Gede,M
Gedeon,M
Ged?,M
Gejza,M
Gellén,M
Gellért,M
Geminián,M
Gerált,M
Geraszim,M
Gerd,M
Geréb,M
Gereben,M
Gergely,M
Gerg?,M
Gerhárd,M
Gerjén,M
Germán,M
Gernot,M
Gerold,M
Ger?,M
Gerváz,M
Gerzson,M
Géza,M
Gibárt,M
Gida,M
Gilbert,M
Gilgames,M
Girót,M
Gisó,M
Gobert,M
Godó,M
Godvin,M
Gópál,M
Gorán,M
Gorda,M
Gordon,M
Gorgiás,M
Gotárd,M
Gotfrid,M
Gothárd,M
Gotlíb,M
Góvardhan,M
Góvinda,M
Göncöl,M
Gracián,M
Gregor,M
Guidó,M
Gujdó,M
Gusztáv,M
Günter,M
Gyárfás,M
Gyécsa,M
Gyeke,M
Gyenes,M
Gyoma,M
Györe,M
György,M
Györk,M
Györke,M
Gy?z?,M
Gyula,M
Habib,M
Hadi,M
Hadriel,M
Hadúr,M
Háfiz,M
Hájim,M
Hakim,M
Hamid,M
Hamilkár,M
Hamza,M
Hananjá,M
Hannibál,M
Hannó,M
Haó,M
Harald,M
Hardin,M
Hari,M
Harka,M
Harkány,M
Harlám,M
Harri,M
Hárs,M
Harsány,M
Hartvig,M
Harun,M
Hasszán,M
Havel,M
Hebron,M
Hejkó,M
Hektor,M
Heliodor,M
Héliosz,M
Helmond,M
Helmut,M
Hendri,M
Henrik,M
Herbert,M
Herkules,M
Herman,M
Hermész,M
Hermiás,M
Hermiusz,M
Herold,M
Hetény,M
Hiador,M
Hilár,M
Hiláriusz,M
Hilmár,M
Hippolit,M
Hódos,M
Holden,M
Holló,M
Honor,M
Honorát,M
Honorátusz,M
Honóriusz,M
Hont,M
Horác,M
Horáció,M
Horáciusz,M
Horka,M
H?s,M
Huba,M
Hubert,M
Hubertusz,M
Hugó,M
Humbert,M
Hunor,M
Hunyad,M
Hümér,M
Ibrahim,M
Ibrány,M
Idrisz,M
Ignác,M
Igor,M
Iláj,M
Ilán,M
Ilárion,M
Ildár,M
Ildefonz,M
Ilián,M
Iliász,M
Illés,M
Ilmár,M
Imbert,M
Immánuel,M
Imre,M
Ince,M
Indár,M
Ingmár,M
Ipoly,M
Iréneusz,M
Irnik,M
István,M
Isua,M
Iszam,M
Itiel,M
Iván,M
Ivár,M
Ivó,M
Ivor,M
Ixion,M
Izaiás,M
Izidor,M
Izmael,M
Izor,M
Izrael,M
Izsák,M
Izsó,M
Jábin,M
Jácint,M
Jáfet,M
Jagelló,M
Jáir,M
Jakab,M
Jákim,M
Jákó,M
Jákob,M
Jakus,M
Janek,M
Jankó,M
Janó,M
János,M
Január,M
Jánusz,M
Járed,M
Járfás,M
Jászon,M
Jávor,M
Jázon,M
Jefte,M
Jelek,M
Jeles,M
Jen?,M
Jeremi,M
Jeremiás,M
Jermák,M
Jern?,M
Jeromos,M
Jetró,M
Joáb,M
Joachim,M
Joáhim,M
Joakim,M
Joákim,M
Jób,M
Joel,M
Johanán,M
Jónás,M
Jonatán,M
Jordán,M
Jozafát,M
József,M
Józsiás,M
Józsua,M
Józsué,M
Júda,M
Jukundusz,M
Julián,M
Juliánusz,M
Júliusz,M
Junior,M
Jusztin,M
Jusztusz,M
Juszuf,M
Jutas,M
Jutocsa,M
Juvenál,M
Kaba,M
Kabos,M
Kada,M
Kadicsa,M
Kadisa,M
Kadocsa,M
Kadosa,M
Káin,M
Kajetán,M
Kájusz,M
Kál,M
Káldor,M
Káleb,M
Kaled,M
Kálmán,M
Kálvinó,M
Kamil,M
Kamill,M
Kamilló,M
Kán,M
Kandid,M
Kanut,M
Kapisztrán,M
Kaplon,M
Kaplony,M
Kapolcs,M
Kara,M
Karacs,M
Karácson,M
Karád,M
Karcsa,M
Kardos,M
Karim,M
Karion,M
Kármán,M
Károly,M
Karsa,M
Kartal,M
Kászon,M
Kasszián,M
Kasztor,M
Katapán,M
Kazimír,M
Kázmér,M
Keán,M
Keled,M
Kelemen,M
Kelemér,M
Kelen,M
Kelén,M
Kelvin,M
Kemal,M
Kemál,M
Kemecse,M
Kemenes,M
Kénán,M
Kende,M
Kenese,M
Kenéz,M
Kerecsen,M
Kerény,M
Keresztély,M
Keresztes,M
Kerim,M
Kerubin,M
Késav,M
Keszi,M
Kesz?,M
Ketel,M
Keve,M
Kevend,M
Kevin,M
Kian,M
Kián,M
Kien,M
Kieran,M
Kilán,M
Kilény,M
Kilián,M
Kilit,M
Kinizs,M
Kirill,M
Kiron,M
Kirtan,M
Kitán,M
Klaudió,M
Klaudiusz,M
Klausz,M
Kleofás,M
Kleon,M
Klétus,M
Kocsárd,M
Kofi,M
Kolen,M
Kolin,M
Kolja,M
Kolos,M
Kolozs,M
Kolta,M
Kolumbán,M
Kolumbusz,M
Kond,M
Konor,M
Konrád,M
Konstantin,M
Kont,M
Koppány,M
Koridon,M
Koriolán,M
Kornél,M
Kornéliusz,M
Koron,M
Korvin,M
Kos,M
Kósa,M
Kovrat,M
Kozma,M
Kötöny,M
Kövecs,M
Kratosz,M
Kresimir,M
Krisna,M
Kristóf,M
Krisztián,M
Krisztofer,M
Krizantusz,M
Krizosztom,M
Krizsán,M
Kund,M
Kunó,M
Kurd,M
Kurszán,M
Kurt,M
Kusán,M
Kusid,M
Kustyán,M
Kücsid,M
Kürt,M
Kventin,M
Laborc,M
Lád,M
Ladomér,M
Lajos,M
Lamar,M
Lambert,M
Lándor,M
Lantos,M
Largó,M
Larion,M
László,M
Latif,M
Laurent,M
Lázár,M
Lázó,M
Leander,M
Leandró,M
Leándrosz,M
Lehel,M
Lél,M
Lemmi,M
Lénárd,M
Lénárt,M
Lennon,M
Lennox,M
Leó,M
Leon,M
Leonárd,M
Leonárdó,M
Leonid,M
Leonidász,M
Leontin,M
Leopold,M
Lestár,M
Levéd,M
Levedi,M
Levente,M
Lévi,M
Levin,M
Lex,M
Liam,M
Liberátusz,M
Libériusz,M
Libor,M
Liboriusz,M
Libóriusz,M
Liem,M
Linasz,M
Lionel,M
Lior,M
Lipót,M
Lívió,M
Liviusz,M
Líviusz,M
Lizander,M
Lóci,M
Loik,M
Loránd,M
Lóránd,M
Loránt,M
Lóránt,M
Lorenzó,M
Lotár,M
L?rinc,M
Lucián,M
Lúciusz,M
Ludvig,M
Lukács,M
Lukréciusz,M
Lüszien,M
Madocsa,M
Magnusz,M
Magor,M
Mahmud,M
Majlát,M
Majs,M
Majsa,M
Makabeus,M
Makár,M
Malakiás,M
Malik,M
Manaén,M
Manassé,M
Mandel,M
Manfréd,M
Manó,M
Mánóah,M
Manóhar,M
Manszvét,M
Manuel,M
Mánuel,M
Manzur,M
Marcel,M
Marcell,M
Marcián,M
Március,M
Marcselló,M
Marián,M
Marinusz,M
Márió,M
Máriusz,M
Márk,M
Markel,M
Markó,M
Márkó,M
Márkus,M
Márkusz,M
Marlon,M
Marót,M
Marsal,M
Martin,M
Marton,M
Márton,M
Martos,M
Marvin,M
Matán,M
Máté,M
Mateó,M
Mateusz,M
Mattenai,M
Matteó,M
Mátyás,M
Mátyus,M
Mauríció,M
Mauró,M
Max,M
Maxim,M
Maximilián,M
Maximusz,M
Mazen,M
Medárd,M
Medox,M
Megyer,M
Mehdi,M
Melchior,M
Melhior,M
Meliton,M
Melkisédek,M
Memnon,M
Ménás,M
Mendel,M
Ménrót,M
Menyhért,M
Merlin,M
Merse,M
Metód,M
Mihály,M
Mihir,M
Mika,M
Mikáél,M
Mikán,M
Mike,M
Mikeás,M
Mikes,M
Mikió,M
Miklós,M
Mikó,M
Miksa,M
Milad,M
Milán,M
Milen,M
Milián,M
Miló,M
Milorád,M
Milos,M
Milován,M
Miltiádész,M
Milton,M
Mirán,M
Mirkó,M
Miró,M
Miron,M
Misa,M
Misel,M
Miska,M
Miske,M
Misó,M
Mizse,M
Modesztusz,M
Mohamed,M
Móka,M
Monor,M
Monti,M
Mór,M
Mordeháj,M
Morgan,M
Móric,M
Mózes,M
Mózsi,M
Músza,M
Nabil,M
Nader,M
Nadim,M
Naftali,M
Nága,M
Naim,M
Nalu,M
Nándor,M
Napóleon,M
Nárájan,M
Narcisszusz,M
Naren,M
Náron,M
Naróttama,M
Narutó,M
Naszim,M
Nasszer,M
Nátán,M
Nátánael,M
Nataniel,M
Nátániel,M
Navid,M
Názár,M
Nelzon,M
Nemere,M
Némó,M
Nenád,M
Nepomuk,M
Nergál,M
Néró,M
Nesztor,M
Nétus,M
Nétusz,M
Nevin,M
Nien,M
Nikander,M
Nikétás,M
Nikodémus,M
Nikodémusz,M
Nikolasz,M
Nikosz,M
Nil,M
Nilsz,M
Nimái,M
Nimer,M
Nimród,M
Nitái,M
Noam,M
Nodin,M
Noé,M
Noel,M
Nolan,M
Nolen,M
Nónusz,M
Norbert,M
Norik,M
Norisz,M
Norm,M
Norman,M
Norton,M
Norvard,M
Nurszultán,M
Nyék,M
Nyikoláj,M
Obed,M
Oberon,M
Odiló,M
Odin,M
Odisszeusz,M
Odó,M
Ódor,M
Oguz,M
Oktár,M
Oktáv,M
Oktávián,M
Olaf,M
Olavi,M
Oldamur,M
Oleg,M
Olivér,M
Omár,M
Ompoly,M
Omri,M
Ond,M
Orbán,M
Orbó,M
Orda,M
Óren,M
Oresztész,M
Orfeusz,M
Orion,M
Orlandó,M
Ormos,M
Oros,M
Oszama,M
Oszkár,M
Oszlár,M
Osszián,M
Oszvald,M
Otelló,M
Otmár,M
Otniel,M
Ottó,M
Ottokár,M
Oven,M
Ovídiusz,M
Ozán,M
Ozirisz,M
Ozmin,M
Ozor,M
Ozul,M
Ozsvát,M
Ödön,M
Ömer,M
Örkény,M
Örkönd,M
Örs,M
?ze,M
Özséb,M
Pál,M
Palkó,M
Pálos,M
Pamfil,M
Pantaleon,M
Páris,M
Parker,M
Paszkál,M
Patony,M
Patrícius,M
Patrik,M
Pázmán,M
Pázmány,M
Pelágiusz,M
Pelbárt,M
Pellegrin,M
Peng,M
Pentele,M
Penton,M
Peregrin,M
Periklész,M
Perjámos,M
Péter,M
Pet?,M
Petres,M
Petrik,M
Petróniusz,M
Petur,M
Petúr,M
Piládész,M
Pió,M
Piramusz,M
Piusz,M
Placid,M
Platón,M
Polidor,M
Polikárp,M
Pongor,M
Pongrác,M
Porfir,M
Pósa,M
Prahlád,M
Preszton,M
Prímusz,M
Principiusz,M
Rabán,M
Radamesz,M
Radiszló,M
Radó,M
Radomér,M
Rados,M
Radován,M
Radvány,M
Rafael,M
Ráfis,M
Ragnar,M
Rahim,M
Raid,M
Rajan,M
Rájen,M
Rajka,M
Rajmond,M
Rajmund,M
Rajnald,M
Rajnáld,M
Ralf,M
Rami,M
Ramiel,M
Ramirez,M
Ramiró,M
Ramiz,M
Ramón,M
Ramszesz,M
Ramzi,M
Randolf,M
Rápolt,M
Rasid,M
Rasszel,M
Rátold,M
Raúf,M
Raul,M
Raúl,M
Raziel,M
Razmus,M
Rázsony,M
Redmond,M
Reginald,M
Reg?,M
Regös,M
Reg?s,M
Reinhard,M
Remig,M
Rémus,M
Rémusz,M
Renátó,M
Renátusz,M
René,M
Réva,M
Rézmán,M
Rezs?,M
Richárd,M
Rihárd,M
Rikárdó,M
Rikó,M
Rinaldó,M
Róbert,M
Robertó,M
Robin,M
Robinzon,M
Rodel,M
Roderik,M
Rodion,M
Rodrigó,M
Rodzser,M
Rokkó,M
Rókus,M
Roland,M
Rolf,M
Rollan,M
Román,M
Románó,M
Romárió,M
Romed,M
Rómeó,M
Romuald,M
Romulusz,M
Romvald,M
Ron,M
Ronald,M
Ronaldó,M
Ronel,M
Ronen,M
Roni,M
Ronin,M
Roszánó,M
Rua,M
Ruben,M
Rúben,M
Rudolf,M
Rúfusz,M
Ruga,M
Rupert,M
Rurik,M
Rusdi,M
Ruszlán,M
Rusztem,M
Ruven,M
Salamon,M
Sámson,M
Samu,M
Sámuel,M
Sándor,M
Sarel,M
Sas,M
Saul,M
Sebes,M
Sebestyén,M
Seb?,M
Seb?k,M
Sejbán,M
Sém,M
Semjén,M
Sét,M
Simeon,M
Simó,M
Simon,M
Sion,M
Sjám,M
Slomó,M
Sobor,M
Solt,M
Solymár,M
Sólyom,M
Som,M
Soma,M
Spartakusz,M
Srídhara,M
Stefán,M
Surány,M
Surd,M
Suriel,M
Sükösd,M
Szabin,M
Szabolcs,M
Szahel,M
Szaid,M
Szaján,M
Szalárd,M
Szaléz,M
Szalók,M
Szalvátor,M
Szalviusz,M
Szamir,M
Szandró,M
Szaniszló,M
Szantiágó,M
Szantínó,M
Szatmár,M
Szavér,M
Szebáld,M
Szebasztián,M
Szecs?,M
Szedrik,M
Szelemér,M
Szelestény,M
Szelim,M
Szemere,M
Szemír,M
Szendr?,M
Szente,M
Szepes,M
Szeráf,M
Szerafin,M
Szerénd,M
Szerénusz,M
Szergej,M
Szergiusz,M
Szermond,M
Szervác,M
Szevér,M
Szeveréd,M
Szeverián,M
Szeverin,M
Szidor,M
Szigfrid,M
Szilamér,M
Szilárd,M
Szilas,M
Szilász,M
Szilvánusz,M
Szilver,M
Szilvér,M
Szilveszter,M
Szilvió,M
Szilviusz,M
Szindbád,M
Szinisa,M
Szíriusz,M
Szixtusz,M
Szkott,M
Szofron,M
Szókratész,M
Szólát,M
Szolón,M
Szórád,M
Szoren,M
Szorin,M
Szotirisz,M
Szovárd,M
Szovát,M
Szörénd,M
Szörény,M
Szpartakusz,M
Sztefán,M
Szulejmán,M
Szven,M
Tacitusz,M
Taddeus,M
Tádé,M
Tadeusz,M
Takin,M
Taksony,M
Talabér,M
Talabor,M
Talamér,M
Táltos,M
Tamás,M
Tamerlán,M
Tankréd,M
Tar,M
Taráz,M
Tarcal,M
Tarcsa,M
Tardos,M
Tarek,M
Tarján,M
Tárkány,M
Tarsa,M
Tarzíciusz,M
Tas,M
Tasnád,M
Tasziló,M
Tege,M
Tegze,M
Temes,M
Tenger,M
Teó,M
Teobald,M
Teodor,M
Teofil,M
Terenc,M
Terestyén,M
Tétény,M
Tézeusz,M
Tibád,M
Tibériusz,M
Tibold,M
Tibor,M
Tiborc,M
Ticián,M
Tihamér,M
Timó,M
Timon,M
Timor,M
Timót,M
Timóteus,M
Timóteusz,M
Timoti,M
Timur,M
Timuzsin,M
Tirzusz,M
Titán,M
Titusz,M
Tivadar,M
Tivald,M
Tiván,M
Tobán,M
Tóbiás,M
Tódor,M
Toma,M
Tomaj,M
Tomor,M
Tonuzóba,M
Torda,M
Tordas,M
Tormás,M
Torna,M
Torontál,M
Torszten,M
Töhötöm,M
Tömör,M
Törtel,M
Trajánusz,M
Trevisz,M
Trevor,M
Trisztán,M
Triton,M
Tullió,M
Turul,M
Tuzson,M
Ubul,M
Údó,M
Ugocsa,M
Ugod,M
Ugor,M
Ugron,M
Ulászló,M
Uldin,M
Ulisszesz,M
Ulpián,M
Ulrik,M
Umbertó,M
Upor,M
Urbán,M
Uri,M
Uriás,M
Uriel,M
Uros,M
Uzon,M
Uzor,M
Üll?,M
Vadim,M
Vadony,M
Vajda,M
Vajk,M
Vajta,M
Valdemár,M
Valdó,M
Valentin,M
Valentínó,M
Valér,M
Valérió,M
Valid,M
Valter,M
Valton,M
Várkony,M
Varsány,M
Vászoly,M
Vata,M
Vazul,M
Vázsony,M
Vejke,M
Velek,M
Vencel,M
Vendel,M
Vérbulcsú,M
Vern,M
Verner,M
Vernon,M
Versény,M
Vértes,M
Vetúriusz,M
Viátor,M
Vicián,M
Vid,M
Víd,M
Vida,M
Vidor,M
Vidos,M
Viggó,M
Vikram,M
Viktor,M
Vilibald,M
Vilmos,M
Vince,M
Vincent,M
Virgil,M
Virgíniusz,M
Vitálij,M
Vitális,M
Vitályos,M
Vitány,M
Vitéz,M
Vító,M
Vitold,M
Vitus,M
Vladek,M
Vladimír,M
Vojta,M
Volfram,M
Voren,M
Votan,M
Vulkán,M
Xavér,M
Xerxész,M
Zádor,M
Zafer,M
Zágon,M
Zaid,M
Zain,M
Zajta,M
Zajzon,M
Zakari,M
Zakariás,M
Zakeus,M
Zala,M
Zalán,M
Zaman,M
Zámor,M
Zarán,M
Zaránd,M
Záven,M
Zdenkó,M
Zebadiás,M
Zebulon,M
Zeke,M
Zeki,M
Zek?,M
Zéman,M
Zénó,M
Zenobiusz,M
Zenon,M
Zente,M
Zerénd,M
Zerind,M
Zéta,M
Zetán,M
Zetár,M
Zete,M
Zétény,M
Zeusz,M
Zev,M
Ziad,M
Zílió,M
Zimány,M
Zlatan,M
Zlatkó,M
Zoárd,M
Zobor,M
Zohár,M
Zolta,M
Zoltán,M
Zólyom,M
Zombor,M
Zongor,M
Zorán,M
Zorba,M
Zotmund,M
Zovárd,M
Zovát,M
Zuárd,M
Zuboly,M
Zuriel,M
Zsadán,M
Zsadány,M
Zserald,M
Zsigmond,M
Zsolt,M
Zsombor,M
Zsongor,M
Zsubor,M
Zsülien,M
